date_trunc,sum
1/1/2017 12:00 AM UTC,
1/2/2017 12:00 AM UTC,9380.0
1/4/2017 12:00 AM UTC,53150.0
1/5/2017 12:00 AM UTC,170145.0
1/6/2017 12:00 AM UTC,22380.0
1/7/2017 12:00 AM UTC,135400.0
1/10/2017 12:00 AM UTC,77501.0
1/11/2017 12:00 AM UTC,8705.0
1/12/2017 12:00 AM UTC,2503369.0
1/16/2017 12:00 AM UTC,8000.01
1/17/2017 12:00 AM UTC,53495.0
1/18/2017 12:00 AM UTC,117776.01
1/19/2017 12:00 AM UTC,5644077.99547
1/24/2017 12:00 AM UTC,181559.02
1/25/2017 12:00 AM UTC,96000.827
1/26/2017 12:00 AM UTC,34325.0
1/28/2017 12:00 AM UTC,180569.284
1/30/2017 12:00 AM UTC,12912522.709278
2/1/2017 12:00 AM UTC,520103.611
2/2/2017 12:00 AM UTC,122647.01
2/3/2017 12:00 AM UTC,56505.0
2/6/2017 12:00 AM UTC,
2/7/2017 12:00 AM UTC,54273.611
2/8/2017 12:00 AM UTC,494298.26
2/10/2017 12:00 AM UTC,178010.0
2/11/2017 12:00 AM UTC,626272.938
2/13/2017 12:00 AM UTC,50100.3000000001
2/14/2017 12:00 AM UTC,2795.0
2/15/2017 12:00 AM UTC,246950.0
2/16/2017 12:00 AM UTC,56395.0
2/17/2017 12:00 AM UTC,317635.0
2/20/2017 12:00 AM UTC,103330.0
2/21/2017 12:00 AM UTC,87480.0
2/22/2017 12:00 AM UTC,120050.0
2/24/2017 12:00 AM UTC,36645.0
2/27/2017 12:00 AM UTC,414422.54
2/28/2017 12:00 AM UTC,287404.7445
3/1/2017 12:00 AM UTC,53400.0
3/2/2017 12:00 AM UTC,350597.370000001
3/3/2017 12:00 AM UTC,330786.2553
3/4/2017 12:00 AM UTC,330700.48
3/6/2017 12:00 AM UTC,32750.0
3/7/2017 12:00 AM UTC,437760.0
3/8/2017 12:00 AM UTC,593010.03
3/9/2017 12:00 AM UTC,518626.04
3/10/2017 12:00 AM UTC,15750.0
3/13/2017 12:00 AM UTC,75738.04
3/14/2017 12:00 AM UTC,1159178.76
3/15/2017 12:00 AM UTC,534827.292
3/16/2017 12:00 AM UTC,442540.0
3/17/2017 12:00 AM UTC,407378.444
3/20/2017 12:00 AM UTC,13600.0
3/21/2017 12:00 AM UTC,363213.9623
3/22/2017 12:00 AM UTC,17915.0
3/23/2017 12:00 AM UTC,363597.606
3/24/2017 12:00 AM UTC,160170.25
3/28/2017 12:00 AM UTC,195613.1995
3/29/2017 12:00 AM UTC,111500.0
3/30/2017 12:00 AM UTC,162321.18
3/31/2017 12:00 AM UTC,8500.0
4/1/2017 12:00 AM UTC,61200.0
4/3/2017 12:00 AM UTC,121262641.738377
4/4/2017 12:00 AM UTC,186120.0
4/5/2017 12:00 AM UTC,1173950.08
4/6/2017 12:00 AM UTC,1350609.04
4/9/2017 12:00 AM UTC,5500.0
4/10/2017 12:00 AM UTC,282305.7465
4/11/2017 12:00 AM UTC,300971.21
4/12/2017 12:00 AM UTC,435328.611
4/13/2017 12:00 AM UTC,1073852.206
4/14/2017 12:00 AM UTC,526380.02
4/15/2017 12:00 AM UTC,78850.0
4/17/2017 12:00 AM UTC,78300.0
4/18/2017 12:00 AM UTC,455280.02
4/19/2017 12:00 AM UTC,898460.09
4/20/2017 12:00 AM UTC,4691775.2833
4/21/2017 12:00 AM UTC,820572.696
4/22/2017 12:00 AM UTC,
4/24/2017 12:00 AM UTC,139966.8103
4/25/2017 12:00 AM UTC,132922.736
4/26/2017 12:00 AM UTC,105000.01
4/27/2017 12:00 AM UTC,882078.578
4/28/2017 12:00 AM UTC,835955.651
4/30/2017 12:00 AM UTC,449451.52
5/1/2017 12:00 AM UTC,25239395.77358
5/2/2017 12:00 AM UTC,300875.0
5/4/2017 12:00 AM UTC,242845.09
5/5/2017 12:00 AM UTC,1571020.0
5/8/2017 12:00 AM UTC,825000.0
5/9/2017 12:00 AM UTC,126990.0
5/10/2017 12:00 AM UTC,693530.0
5/11/2017 12:00 AM UTC,23742.6567
5/12/2017 12:00 AM UTC,261410.0
5/15/2017 12:00 AM UTC,12640.0
5/16/2017 12:00 AM UTC,920922.586
5/17/2017 12:00 AM UTC,244050.0
5/18/2017 12:00 AM UTC,24000.0
5/19/2017 12:00 AM UTC,87110.7612
5/22/2017 12:00 AM UTC,80185.0
5/24/2017 12:00 AM UTC,249692.68987
5/25/2017 12:00 AM UTC,
5/26/2017 12:00 AM UTC,34784.0
5/27/2017 12:00 AM UTC,450.0
5/28/2017 12:00 AM UTC,3770596.85
5/30/2017 12:00 AM UTC,1643273.0
5/31/2017 12:00 AM UTC,280405.0
6/1/2017 12:00 AM UTC,158047.91987
6/2/2017 12:00 AM UTC,15050.0
6/5/2017 12:00 AM UTC,46792.1855
6/6/2017 12:00 AM UTC,2911245.2346
6/7/2017 12:00 AM UTC,139970.0
6/8/2017 12:00 AM UTC,749900.4
6/9/2017 12:00 AM UTC,927524.98
6/12/2017 12:00 AM UTC,25200.0
6/13/2017 12:00 AM UTC,8557513.402
6/14/2017 12:00 AM UTC,3006939.65739
6/15/2017 12:00 AM UTC,532984.4
6/16/2017 12:00 AM UTC,1866371.6265
6/17/2017 12:00 AM UTC,549316.85
6/18/2017 12:00 AM UTC,2500.0
6/19/2017 12:00 AM UTC,2286116.574
6/20/2017 12:00 AM UTC,4185562.816
6/21/2017 12:00 AM UTC,2818319.11
6/22/2017 12:00 AM UTC,252868.87704
6/23/2017 12:00 AM UTC,7796343.852658
6/25/2017 12:00 AM UTC,
6/26/2017 12:00 AM UTC,737725.0535
6/27/2017 12:00 AM UTC,942889.904
6/28/2017 12:00 AM UTC,4704751.4535
6/29/2017 12:00 AM UTC,6358059.6832
6/30/2017 12:00 AM UTC,1609809.09187
7/3/2017 12:00 AM UTC,5500.0
7/5/2017 12:00 AM UTC,944884.85
7/6/2017 12:00 AM UTC,216124.85
7/7/2017 12:00 AM UTC,66805.0
7/10/2017 12:00 AM UTC,1312813.0405
7/11/2017 12:00 AM UTC,7259644.576
7/12/2017 12:00 AM UTC,124328.0
7/13/2017 12:00 AM UTC,352783.75
7/14/2017 12:00 AM UTC,20903893.0378333
7/15/2017 12:00 AM UTC,2901165.586
7/17/2017 12:00 AM UTC,5707844.9387
7/18/2017 12:00 AM UTC,925918.324
7/19/2017 12:00 AM UTC,4264260.686
7/20/2017 12:00 AM UTC,1646017.75
7/21/2017 12:00 AM UTC,1372762.3119
7/22/2017 12:00 AM UTC,1734378.105
7/23/2017 12:00 AM UTC,24000.0
7/24/2017 12:00 AM UTC,15305168.912661
7/25/2017 12:00 AM UTC,1250707.76523
7/26/2017 12:00 AM UTC,1730003.586
7/27/2017 12:00 AM UTC,256720.0
7/28/2017 12:00 AM UTC,2177423.586
7/29/2017 12:00 AM UTC,
7/30/2017 12:00 AM UTC,89908.75
7/31/2017 12:00 AM UTC,5331007.757992
8/1/2017 12:00 AM UTC,45605.0
8/2/2017 12:00 AM UTC,1341607.64714
8/3/2017 12:00 AM UTC,994152.834
8/4/2017 12:00 AM UTC,28760.0
8/5/2017 12:00 AM UTC,
8/6/2017 12:00 AM UTC,
8/7/2017 12:00 AM UTC,1204254.2967
8/8/2017 12:00 AM UTC,2458382.76911
8/9/2017 12:00 AM UTC,2008699.6838
8/10/2017 12:00 AM UTC,1447321.168
8/11/2017 12:00 AM UTC,1334533.0614
8/12/2017 12:00 AM UTC,1150000.0
8/13/2017 12:00 AM UTC,1175000.0
8/14/2017 12:00 AM UTC,4546640.08
8/15/2017 12:00 AM UTC,3583537.7831
8/16/2017 12:00 AM UTC,1157304.4998
8/17/2017 12:00 AM UTC,482673.6162
8/18/2017 12:00 AM UTC,771985.468
8/19/2017 12:00 AM UTC,88750.0
8/20/2017 12:00 AM UTC,3775.0
8/21/2017 12:00 AM UTC,2842300.0
8/22/2017 12:00 AM UTC,172025.0
8/23/2017 12:00 AM UTC,1224054.0
8/24/2017 12:00 AM UTC,33625985.6250399
8/25/2017 12:00 AM UTC,
8/26/2017 12:00 AM UTC,30995.0
8/27/2017 12:00 AM UTC,
8/28/2017 12:00 AM UTC,793616.604
8/29/2017 12:00 AM UTC,237570.0
8/30/2017 12:00 AM UTC,155920.0
8/31/2017 12:00 AM UTC,681950.67254
9/1/2017 12:00 AM UTC,218787.01
9/4/2017 12:00 AM UTC,213187.75
9/5/2017 12:00 AM UTC,156800.0
9/6/2017 12:00 AM UTC,3365980.0
9/7/2017 12:00 AM UTC,251804.438
9/8/2017 12:00 AM UTC,1954970.0725
9/9/2017 12:00 AM UTC,11079.3777
9/10/2017 12:00 AM UTC,
9/11/2017 12:00 AM UTC,292660.0
9/12/2017 12:00 AM UTC,1135144.59357
9/13/2017 12:00 AM UTC,2955866.0
9/14/2017 12:00 AM UTC,422763.80966
9/15/2017 12:00 AM UTC,132672.9626
9/16/2017 12:00 AM UTC,57174.306
9/17/2017 12:00 AM UTC,
9/18/2017 12:00 AM UTC,125040.0
9/19/2017 12:00 AM UTC,5156051.32
9/20/2017 12:00 AM UTC,212030.0
9/21/2017 12:00 AM UTC,2646673.6162
9/22/2017 12:00 AM UTC,30450.0
9/24/2017 12:00 AM UTC,
9/25/2017 12:00 AM UTC,38718.6162
9/26/2017 12:00 AM UTC,6723321.679
9/27/2017 12:00 AM UTC,344887.0
9/28/2017 12:00 AM UTC,4418814.8871
9/29/2017 12:00 AM UTC,502380.328
10/2/2017 12:00 AM UTC,
10/3/2017 12:00 AM UTC,444797.2773
10/4/2017 12:00 AM UTC,564812.5
10/5/2017 12:00 AM UTC,1291050.16508
10/6/2017 12:00 AM UTC,
10/7/2017 12:00 AM UTC,
10/8/2017 12:00 AM UTC,
10/9/2017 12:00 AM UTC,1575793.99
10/10/2017 12:00 AM UTC,5089325.19973
10/11/2017 12:00 AM UTC,3796955.0
10/12/2017 12:00 AM UTC,9252907.3219
10/13/2017 12:00 AM UTC,524169.0
10/15/2017 12:00 AM UTC,
10/16/2017 12:00 AM UTC,2508056.93
10/17/2017 12:00 AM UTC,2441360.0
10/18/2017 12:00 AM UTC,12595400.9214
10/19/2017 12:00 AM UTC,91575.0
10/20/2017 12:00 AM UTC,73215.824
10/21/2017 12:00 AM UTC,
10/22/2017 12:00 AM UTC,
10/23/2017 12:00 AM UTC,19420607.102
10/24/2017 12:00 AM UTC,25964846.6113
10/25/2017 12:00 AM UTC,1939277.5
10/26/2017 12:00 AM UTC,8554405.87110003
10/27/2017 12:00 AM UTC,6853836.613
10/28/2017 12:00 AM UTC,
10/29/2017 12:00 AM UTC,
10/30/2017 12:00 AM UTC,
10/31/2017 12:00 AM UTC,340090.01
11/1/2017 12:00 AM UTC,4297228.53262
11/2/2017 12:00 AM UTC,6520460.75
11/3/2017 12:00 AM UTC,9938598.5285
11/4/2017 12:00 AM UTC,1300.0
11/5/2017 12:00 AM UTC,
11/6/2017 12:00 AM UTC,1247719.97
11/7/2017 12:00 AM UTC,3875179.0595
11/8/2017 12:00 AM UTC,2123685.825
11/9/2017 12:00 AM UTC,608209.08
11/10/2017 12:00 AM UTC,4829348.0
11/11/2017 12:00 AM UTC,
11/13/2017 12:00 AM UTC,158750.0
11/14/2017 12:00 AM UTC,905342.867
11/15/2017 12:00 AM UTC,3870579.59312
11/16/2017 12:00 AM UTC,8502670.05
11/17/2017 12:00 AM UTC,20475.0
11/18/2017 12:00 AM UTC,
11/19/2017 12:00 AM UTC,25210.5
11/20/2017 12:00 AM UTC,2463111.52446
11/21/2017 12:00 AM UTC,1737845.438
11/22/2017 12:00 AM UTC,13200.0
11/23/2017 12:00 AM UTC,
11/24/2017 12:00 AM UTC,
11/25/2017 12:00 AM UTC,
11/26/2017 12:00 AM UTC,
11/27/2017 12:00 AM UTC,3500.0
11/28/2017 12:00 AM UTC,4591686.5
11/29/2017 12:00 AM UTC,4378258.918
11/30/2017 12:00 AM UTC,186160.0
12/1/2017 12:00 AM UTC,2015325.598
12/2/2017 12:00 AM UTC,2431574.05
12/5/2017 12:00 AM UTC,5692805.1502
12/6/2017 12:00 AM UTC,100140.0
12/7/2017 12:00 AM UTC,1318433.02
12/8/2017 12:00 AM UTC,5007718.0
12/9/2017 12:00 AM UTC,
12/10/2017 12:00 AM UTC,
12/11/2017 12:00 AM UTC,87831.0
12/12/2017 12:00 AM UTC,310005.31
12/13/2017 12:00 AM UTC,1078411.05
12/14/2017 12:00 AM UTC,8870458.4536
12/15/2017 12:00 AM UTC,1803992.114
12/16/2017 12:00 AM UTC,
12/17/2017 12:00 AM UTC,
12/18/2017 12:00 AM UTC,
12/19/2017 12:00 AM UTC,3220376.022
12/20/2017 12:00 AM UTC,1541093.5
12/21/2017 12:00 AM UTC,121875.0
12/22/2017 12:00 AM UTC,842389.0
12/23/2017 12:00 AM UTC,
12/24/2017 12:00 AM UTC,
12/25/2017 12:00 AM UTC,
12/26/2017 12:00 AM UTC,360450.0
12/27/2017 12:00 AM UTC,
12/28/2017 12:00 AM UTC,
12/29/2017 12:00 AM UTC,
12/30/2017 12:00 AM UTC,
12/31/2017 12:00 AM UTC,
1/1/2018 12:00 AM UTC,
1/2/2018 12:00 AM UTC,
1/3/2018 12:00 AM UTC,
1/4/2018 12:00 AM UTC,3808593.636
1/5/2018 12:00 AM UTC,21289032.58
1/6/2018 12:00 AM UTC,623722.636
1/7/2018 12:00 AM UTC,
1/8/2018 12:00 AM UTC,2220500.0
1/9/2018 12:00 AM UTC,3944384.6738
1/10/2018 12:00 AM UTC,
1/11/2018 12:00 AM UTC,
1/12/2018 12:00 AM UTC,2536219.26
1/13/2018 12:00 AM UTC,1703451.1394
1/14/2018 12:00 AM UTC,
1/15/2018 12:00 AM UTC,2619443.7261
1/16/2018 12:00 AM UTC,754271.25806
1/17/2018 12:00 AM UTC,451605.0
1/18/2018 12:00 AM UTC,2535575.0
1/19/2018 12:00 AM UTC,6219489.0
1/20/2018 12:00 AM UTC,3355380.0
1/21/2018 12:00 AM UTC,34000.0
1/22/2018 12:00 AM UTC,611650.0
1/23/2018 12:00 AM UTC,5713105.0535
1/24/2018 12:00 AM UTC,6533236.066
1/25/2018 12:00 AM UTC,11747782.17151
1/26/2018 12:00 AM UTC,16577656.0815
1/27/2018 12:00 AM UTC,5331945.8
1/28/2018 12:00 AM UTC,90275.05
1/29/2018 12:00 AM UTC,11123406.61999
1/30/2018 12:00 AM UTC,3183909.0
1/31/2018 12:00 AM UTC,1324259.136
2/1/2018 12:00 AM UTC,3185675.7811
2/2/2018 12:00 AM UTC,1247555.0
2/3/2018 12:00 AM UTC,16385347.0446412
2/4/2018 12:00 AM UTC,22000.0
2/5/2018 12:00 AM UTC,7564171.3935
2/6/2018 12:00 AM UTC,2072414.32054
2/7/2018 12:00 AM UTC,
2/8/2018 12:00 AM UTC,2261301.784
2/9/2018 12:00 AM UTC,3717687.0
2/10/2018 12:00 AM UTC,3413558.0084
2/11/2018 12:00 AM UTC,
2/12/2018 12:00 AM UTC,5676126.9875
2/13/2018 12:00 AM UTC,946747.0714
2/14/2018 12:00 AM UTC,664975.0
2/15/2018 12:00 AM UTC,6106581.534
2/16/2018 12:00 AM UTC,1542702.019
2/17/2018 12:00 AM UTC,
2/18/2018 12:00 AM UTC,
2/19/2018 12:00 AM UTC,2924337.9451
2/20/2018 12:00 AM UTC,7181590.63
2/21/2018 12:00 AM UTC,9461117.29260001
2/22/2018 12:00 AM UTC,171075.0
2/23/2018 12:00 AM UTC,85806.8977
2/24/2018 12:00 AM UTC,3455849.7937
2/25/2018 12:00 AM UTC,
2/26/2018 12:00 AM UTC,5181708.0627
2/27/2018 12:00 AM UTC,126250.0
2/28/2018 12:00 AM UTC,3353819.6769
3/1/2018 12:00 AM UTC,53723705.7414919
3/2/2018 12:00 AM UTC,3280372.688
3/3/2018 12:00 AM UTC,1067158.638
3/4/2018 12:00 AM UTC,
3/5/2018 12:00 AM UTC,3025480.981
3/6/2018 12:00 AM UTC,6363769.7212
3/7/2018 12:00 AM UTC,1147552.0
3/8/2018 12:00 AM UTC,3000.0
3/9/2018 12:00 AM UTC,5172506.534
3/10/2018 12:00 AM UTC,236515.0
3/11/2018 12:00 AM UTC,
3/12/2018 12:00 AM UTC,323315.0
3/13/2018 12:00 AM UTC,12550143.3989
3/14/2018 12:00 AM UTC,192763287.9315
3/15/2018 12:00 AM UTC,89288.0
3/16/2018 12:00 AM UTC,4179966.819
3/17/2018 12:00 AM UTC,48900.0
3/18/2018 12:00 AM UTC,
3/19/2018 12:00 AM UTC,48325.21
3/20/2018 12:00 AM UTC,6756000.463
3/21/2018 12:00 AM UTC,832542.0
3/22/2018 12:00 AM UTC,6212805.0535
3/23/2018 12:00 AM UTC,2233766.604
3/24/2018 12:00 AM UTC,
3/25/2018 12:00 AM UTC,
3/26/2018 12:00 AM UTC,2020269.0
3/27/2018 12:00 AM UTC,2642327.1452
3/28/2018 12:00 AM UTC,5131875.564
3/29/2018 12:00 AM UTC,2894358.58948
3/30/2018 12:00 AM UTC,6033849.17074
3/31/2018 12:00 AM UTC,
4/1/2018 12:00 AM UTC,
4/2/2018 12:00 AM UTC,448885.0
4/3/2018 12:00 AM UTC,62421923.9839616
4/4/2018 12:00 AM UTC,203620.0
4/5/2018 12:00 AM UTC,8076697.1916
4/6/2018 12:00 AM UTC,936784.5
4/7/2018 12:00 AM UTC,
4/8/2018 12:00 AM UTC,1788462.5
4/9/2018 12:00 AM UTC,25611518.8372
4/10/2018 12:00 AM UTC,9567029.5606
4/11/2018 12:00 AM UTC,1986042.5944
4/12/2018 12:00 AM UTC,17636575.858289
4/13/2018 12:00 AM UTC,5605751.7235
4/14/2018 12:00 AM UTC,
4/15/2018 12:00 AM UTC,
4/16/2018 12:00 AM UTC,7621925.0
4/17/2018 12:00 AM UTC,5492737.155
4/18/2018 12:00 AM UTC,989980.0
4/19/2018 12:00 AM UTC,15018848.3330659
4/20/2018 12:00 AM UTC,667090.0
4/21/2018 12:00 AM UTC,850456.496342857
4/22/2018 12:00 AM UTC,258995.0
4/23/2018 12:00 AM UTC,6738369.2714
4/24/2018 12:00 AM UTC,1790780.0
4/25/2018 12:00 AM UTC,19521592.8556714
4/26/2018 12:00 AM UTC,3573752.5
4/27/2018 12:00 AM UTC,1360766.0
4/28/2018 12:00 AM UTC,122360.0
4/29/2018 12:00 AM UTC,
4/30/2018 12:00 AM UTC,1779202.0
5/1/2018 12:00 AM UTC,214320.0
5/2/2018 12:00 AM UTC,4310086.19666586
5/3/2018 12:00 AM UTC,1310279.57
5/4/2018 12:00 AM UTC,75580.0
5/5/2018 12:00 AM UTC,520850.0
5/6/2018 12:00 AM UTC,
5/7/2018 12:00 AM UTC,711500.0
5/8/2018 12:00 AM UTC,27182038.0
5/9/2018 12:00 AM UTC,1415895.0
5/10/2018 12:00 AM UTC,15094719.9108
5/11/2018 12:00 AM UTC,2970488.318
5/12/2018 12:00 AM UTC,
5/13/2018 12:00 AM UTC,172760.0
5/14/2018 12:00 AM UTC,69362413.97689
5/15/2018 12:00 AM UTC,2933698.0
5/16/2018 12:00 AM UTC,742940.0
5/17/2018 12:00 AM UTC,645920.0
5/18/2018 12:00 AM UTC,101000.0
5/19/2018 12:00 AM UTC,178000.0
5/20/2018 12:00 AM UTC,
5/21/2018 12:00 AM UTC,2442438.99634286
5/22/2018 12:00 AM UTC,37358898.6056537
5/23/2018 12:00 AM UTC,379250.0
5/24/2018 12:00 AM UTC,1073245.26282051
5/25/2018 12:00 AM UTC,1966500.0
5/26/2018 12:00 AM UTC,
5/27/2018 12:00 AM UTC,
5/28/2018 12:00 AM UTC,
5/29/2018 12:00 AM UTC,111000.0
5/30/2018 12:00 AM UTC,1076248.0
5/31/2018 12:00 AM UTC,2065168.272
6/1/2018 12:00 AM UTC,5939617.71344
6/2/2018 12:00 AM UTC,
6/3/2018 12:00 AM UTC,
6/4/2018 12:00 AM UTC,281550.0
6/5/2018 12:00 AM UTC,648885.5563
6/6/2018 12:00 AM UTC,53744257.567497
6/7/2018 12:00 AM UTC,239619.0
6/8/2018 12:00 AM UTC,11479813.9545
6/9/2018 12:00 AM UTC,
6/10/2018 12:00 AM UTC,
6/11/2018 12:00 AM UTC,2694621.1144
6/12/2018 12:00 AM UTC,3619224.0
6/13/2018 12:00 AM UTC,8650955.34716667
6/14/2018 12:00 AM UTC,7737584.182
6/15/2018 12:00 AM UTC,1560012.5944
6/16/2018 12:00 AM UTC,
6/17/2018 12:00 AM UTC,
6/18/2018 12:00 AM UTC,35622881.8279243
6/19/2018 12:00 AM UTC,6818111.2243
6/20/2018 12:00 AM UTC,63544356.9217999
6/21/2018 12:00 AM UTC,13285639.5363
6/22/2018 12:00 AM UTC,161794.0
6/23/2018 12:00 AM UTC,
6/24/2018 12:00 AM UTC,
6/25/2018 12:00 AM UTC,10947101.915
6/26/2018 12:00 AM UTC,681146.25
6/27/2018 12:00 AM UTC,11881444.9163
6/28/2018 12:00 AM UTC,5170843.7902
6/29/2018 12:00 AM UTC,26790057.75
6/30/2018 12:00 AM UTC,
7/1/2018 12:00 AM UTC,
7/2/2018 12:00 AM UTC,6279638.784
7/3/2018 12:00 AM UTC,2858903.085
7/4/2018 12:00 AM UTC,
7/5/2018 12:00 AM UTC,1126349.19641209
7/6/2018 12:00 AM UTC,1896480.435
7/7/2018 12:00 AM UTC,85000.0
7/9/2018 12:00 AM UTC,22735558.3078667
7/10/2018 12:00 AM UTC,15295943.20817
7/11/2018 12:00 AM UTC,11136080.1695
7/12/2018 12:00 AM UTC,27840199.8666
7/13/2018 12:00 AM UTC,35595407.2606666
7/14/2018 12:00 AM UTC,6380561.0
7/15/2018 12:00 AM UTC,1083390.0
7/16/2018 12:00 AM UTC,97254512.1891669
7/17/2018 12:00 AM UTC,21388441.3222667
7/18/2018 12:00 AM UTC,27984037.8465
7/19/2018 12:00 AM UTC,9071290.5
7/20/2018 12:00 AM UTC,4652463.24015385
7/23/2018 12:00 AM UTC,13745132.2161572
7/24/2018 12:00 AM UTC,24919686.4878
7/25/2018 12:00 AM UTC,29300402.0987714
7/26/2018 12:00 AM UTC,11139887.0846927
7/27/2018 12:00 AM UTC,15251572.6406539
7/30/2018 12:00 AM UTC,120345272.737972
7/31/2018 12:00 AM UTC,23308513.224
8/1/2018 12:00 AM UTC,11833270.1501596
8/2/2018 12:00 AM UTC,4783884.0
8/3/2018 12:00 AM UTC,29324074.7106
8/4/2018 12:00 AM UTC,20000.0
8/6/2018 12:00 AM UTC,14869479.5
8/7/2018 12:00 AM UTC,12206106.746
8/8/2018 12:00 AM UTC,17212037.8247
8/9/2018 12:00 AM UTC,4488960.19607143
8/10/2018 12:00 AM UTC,2278475.0
8/13/2018 12:00 AM UTC,16773080.6
8/14/2018 12:00 AM UTC,14169878.6545986
8/15/2018 12:00 AM UTC,21883687.0771714
8/16/2018 12:00 AM UTC,35272431.53637
8/17/2018 12:00 AM UTC,46319350.5989154
8/18/2018 12:00 AM UTC,2206665.50757143
8/20/2018 12:00 AM UTC,40588155.8554228
8/21/2018 12:00 AM UTC,36836998.1916686
8/22/2018 12:00 AM UTC,93699698.7406747
8/23/2018 12:00 AM UTC,51684035.2793315
8/24/2018 12:00 AM UTC,76741417.9086269
8/25/2018 12:00 AM UTC,347900.0
8/27/2018 12:00 AM UTC,9605603.23594132
8/28/2018 12:00 AM UTC,21538914.0926714
8/29/2018 12:00 AM UTC,47311815.1410715
8/30/2018 12:00 AM UTC,40018291.4052136
8/31/2018 12:00 AM UTC,24294315.4712571
9/1/2018 12:00 AM UTC,303466.992665037
9/4/2018 12:00 AM UTC,19229484.3599
9/5/2018 12:00 AM UTC,88995800.2879157
9/6/2018 12:00 AM UTC,22362821.9286401
9/7/2018 12:00 AM UTC,5773652.5
9/8/2018 12:00 AM UTC,304400.0
9/10/2018 12:00 AM UTC,14160945.0864429
9/11/2018 12:00 AM UTC,84864237.4789999
9/12/2018 12:00 AM UTC,101438945.752215
9/13/2018 12:00 AM UTC,29230164.2075714
9/14/2018 12:00 AM UTC,6933806.52521572
9/15/2018 12:00 AM UTC,1400907.0
9/17/2018 12:00 AM UTC,83682333.4628088
9/18/2018 12:00 AM UTC,2469412.0
9/19/2018 12:00 AM UTC,10273362.0416857
9/20/2018 12:00 AM UTC,30450701.0709553
9/21/2018 12:00 AM UTC,8404985.59428572
9/24/2018 12:00 AM UTC,12935944.2199614
9/25/2018 12:00 AM UTC,59245111.7920143
9/26/2018 12:00 AM UTC,81798517.66061
9/27/2018 12:00 AM UTC,211756618.12488
9/28/2018 12:00 AM UTC,122443979.97191
9/30/2018 12:00 AM UTC,1300.0
10/1/2018 12:00 AM UTC,16969583.06912
10/2/2018 12:00 AM UTC,32000596.8566571
10/3/2018 12:00 AM UTC,7451702.73978571
10/4/2018 12:00 AM UTC,5855882.76788572
10/5/2018 12:00 AM UTC,119316.0
10/8/2018 12:00 AM UTC,6628110.78996306
10/9/2018 12:00 AM UTC,3493435.7
10/10/2018 12:00 AM UTC,21973981.1852033
10/11/2018 12:00 AM UTC,5507685.04271429
10/12/2018 12:00 AM UTC,36875455.3421362
10/15/2018 12:00 AM UTC,6050520.06428572
10/16/2018 12:00 AM UTC,25790397.1825
10/17/2018 12:00 AM UTC,35228713.1594715
10/18/2018 12:00 AM UTC,8864357.36368
10/19/2018 12:00 AM UTC,1531744.5
10/21/2018 12:00 AM UTC,
10/22/2018 12:00 AM UTC,54070606.1005501
10/23/2018 12:00 AM UTC,33928051.3385977
10/24/2018 12:00 AM UTC,2631050.0605
10/25/2018 12:00 AM UTC,26458970.7054286
10/26/2018 12:00 AM UTC,22914884.7895
10/27/2018 12:00 AM UTC,844500.0
10/29/2018 12:00 AM UTC,25438125.8869
10/30/2018 12:00 AM UTC,12587207.9414
10/31/2018 12:00 AM UTC,40116472.7523573
11/1/2018 12:00 AM UTC,34068200.9049571
11/2/2018 12:00 AM UTC,8266422.05714286
11/5/2018 12:00 AM UTC,26401913.096267
11/6/2018 12:00 AM UTC,2693049.0
11/7/2018 12:00 AM UTC,1048920.0
11/8/2018 12:00 AM UTC,16772702.3955429
11/9/2018 12:00 AM UTC,579599935.932801
11/10/2018 12:00 AM UTC,
11/12/2018 12:00 AM UTC,11314633.9462
11/13/2018 12:00 AM UTC,4293480.20717143
11/14/2018 12:00 AM UTC,72572763.0771248
11/15/2018 12:00 AM UTC,7261690.7418
11/16/2018 12:00 AM UTC,43851061.6686224
11/17/2018 12:00 AM UTC,10232967.26
11/19/2018 12:00 AM UTC,23430660.0366667
11/20/2018 12:00 AM UTC,107038415.484267
11/21/2018 12:00 AM UTC,7633229.0
11/22/2018 12:00 AM UTC,172550.0
11/23/2018 12:00 AM UTC,1674000.0
11/24/2018 12:00 AM UTC,
11/25/2018 12:00 AM UTC,1492426.0
11/26/2018 12:00 AM UTC,57522204.886
11/27/2018 12:00 AM UTC,26963479.2264
11/28/2018 12:00 AM UTC,38905230.9371114
11/29/2018 12:00 AM UTC,22166988.8999714
11/30/2018 12:00 AM UTC,33999148.0157893
12/1/2018 12:00 AM UTC,
12/2/2018 12:00 AM UTC,
12/3/2018 12:00 AM UTC,67758857.179342
12/4/2018 12:00 AM UTC,6745887.7509
12/5/2018 12:00 AM UTC,5442612.813
12/6/2018 12:00 AM UTC,33077939.9042251
12/7/2018 12:00 AM UTC,18785983.3112057
12/8/2018 12:00 AM UTC,2613535.01455385
12/9/2018 12:00 AM UTC,448188.0
12/10/2018 12:00 AM UTC,3217803.0
12/11/2018 12:00 AM UTC,78124210.8068262
12/12/2018 12:00 AM UTC,9554861.3
12/13/2018 12:00 AM UTC,20141779.5388
12/14/2018 12:00 AM UTC,5555570.0
12/15/2018 12:00 AM UTC,1817568.0
12/17/2018 12:00 AM UTC,90715903.1258252
12/18/2018 12:00 AM UTC,30052307.5200857
12/19/2018 12:00 AM UTC,11463297.736
12/20/2018 12:00 AM UTC,27243766.8097824
12/21/2018 12:00 AM UTC,8791460.6028
12/22/2018 12:00 AM UTC,182050.0
12/24/2018 12:00 AM UTC,165060.0
12/26/2018 12:00 AM UTC,11229331.5398
12/27/2018 12:00 AM UTC,9231087.968
12/28/2018 12:00 AM UTC,6137240.5
12/29/2018 12:00 AM UTC,614800.0
12/30/2018 12:00 AM UTC,32780.0
12/31/2018 12:00 AM UTC,24480.0
1/1/2019 12:00 AM UTC,423750.0
1/2/2019 12:00 AM UTC,7051226.0
1/3/2019 12:00 AM UTC,8107486.38765
1/4/2019 12:00 AM UTC,35519973.7614154
1/5/2019 12:00 AM UTC,9990536.38253516
1/7/2019 12:00 AM UTC,18430125.4596271
1/8/2019 12:00 AM UTC,35093431.4389522
1/9/2019 12:00 AM UTC,26078541.0965461
1/10/2019 12:00 AM UTC,15401985.6499345
1/11/2019 12:00 AM UTC,25171059.3638601
1/12/2019 12:00 AM UTC,
1/13/2019 12:00 AM UTC,4341228.73
1/14/2019 12:00 AM UTC,9904669.59492308
1/15/2019 12:00 AM UTC,51275986.7468238
1/16/2019 12:00 AM UTC,53866459.8575893
1/17/2019 12:00 AM UTC,98075186.733623
1/18/2019 12:00 AM UTC,30562084.5499285
1/19/2019 12:00 AM UTC,88100.0
1/21/2019 12:00 AM UTC,4865402.04153846
1/22/2019 12:00 AM UTC,54000254.1442924
1/23/2019 12:00 AM UTC,19194252.9448901
1/24/2019 12:00 AM UTC,138172928.173476
1/25/2019 12:00 AM UTC,9210183.75
1/26/2019 12:00 AM UTC,19211338.4114286
1/28/2019 12:00 AM UTC,28566716.1040614
1/29/2019 12:00 AM UTC,30799872.8180848
1/30/2019 12:00 AM UTC,50155615.9704725
1/31/2019 12:00 AM UTC,59508265.6487776
2/1/2019 12:00 AM UTC,22597935.249675
2/2/2019 12:00 AM UTC,1232048.0
2/3/2019 12:00 AM UTC,611147.8414
2/4/2019 12:00 AM UTC,4320422.97572527
2/5/2019 12:00 AM UTC,93249614.3049777
2/6/2019 12:00 AM UTC,106608783.450195
2/7/2019 12:00 AM UTC,52603252.7037869
2/8/2019 12:00 AM UTC,6216738.42335714
2/10/2019 12:00 AM UTC,
2/11/2019 12:00 AM UTC,1076895063.79916
2/12/2019 12:00 AM UTC,239555049.881644
2/13/2019 12:00 AM UTC,20888511.8421714
2/14/2019 12:00 AM UTC,128670682.983221
2/15/2019 12:00 AM UTC,92793676.2970852
2/16/2019 12:00 AM UTC,184160.0
2/18/2019 12:00 AM UTC,24022610.7074316
2/19/2019 12:00 AM UTC,69741603.8761665
2/20/2019 12:00 AM UTC,110662079.157382
2/21/2019 12:00 AM UTC,244251025.209649
2/22/2019 12:00 AM UTC,167020218.159725
2/23/2019 12:00 AM UTC,2235220.0
2/24/2019 12:00 AM UTC,1194633.18250286
2/25/2019 12:00 AM UTC,29158198.6137509
2/26/2019 12:00 AM UTC,180943965.742198
2/27/2019 12:00 AM UTC,50832817.9139606
2/28/2019 12:00 AM UTC,166308636.440963
3/1/2019 12:00 AM UTC,14496834.5890829
3/2/2019 12:00 AM UTC,8406323.665
3/4/2019 12:00 AM UTC,12559804.2472475
3/5/2019 12:00 AM UTC,137245479.493029
3/6/2019 12:00 AM UTC,60964043.1067965
3/7/2019 12:00 AM UTC,14543284.0727659
3/8/2019 12:00 AM UTC,91540855.436
3/9/2019 12:00 AM UTC,902880.0
3/11/2019 12:00 AM UTC,56580723.3566035
3/12/2019 12:00 AM UTC,23983624.9346143
3/13/2019 12:00 AM UTC,18431643.0092792
3/14/2019 12:00 AM UTC,35221875.6231288
3/15/2019 12:00 AM UTC,14777519.4728286
3/16/2019 12:00 AM UTC,11040154.6460143
3/18/2019 12:00 AM UTC,121249877.987331
3/19/2019 12:00 AM UTC,31368412.2885901
3/20/2019 12:00 AM UTC,114276900.34641
3/21/2019 12:00 AM UTC,35362675.5339833
3/22/2019 12:00 AM UTC,33829767.3723628
3/23/2019 12:00 AM UTC,3499290.0
3/24/2019 12:00 AM UTC,1758808.0
3/25/2019 12:00 AM UTC,45757517.6116708
3/26/2019 12:00 AM UTC,223998188.151054
3/27/2019 12:00 AM UTC,137109597.473959
3/28/2019 12:00 AM UTC,102221217.463615
3/29/2019 12:00 AM UTC,68959950.2177721
3/30/2019 12:00 AM UTC,563165.0
4/1/2019 12:00 AM UTC,265482860.907311
4/2/2019 12:00 AM UTC,30916680.7458214
4/3/2019 12:00 AM UTC,25875332.68075
4/4/2019 12:00 AM UTC,59122499.8696729
4/5/2019 12:00 AM UTC,93074979.5883469
4/6/2019 12:00 AM UTC,148800.0
4/7/2019 12:00 AM UTC,48387.0
4/8/2019 12:00 AM UTC,54916736.8048939
4/9/2019 12:00 AM UTC,65292371.3990429
4/10/2019 12:00 AM UTC,121829702.816907
4/11/2019 12:00 AM UTC,21139591.6843857
4/12/2019 12:00 AM UTC,99287553.3664102
4/13/2019 12:00 AM UTC,7496000.0
4/14/2019 12:00 AM UTC,1200.0
4/15/2019 12:00 AM UTC,362675964.295917
4/16/2019 12:00 AM UTC,151298503.807469
4/17/2019 12:00 AM UTC,65639032.9002568
4/18/2019 12:00 AM UTC,72854023.7705653
4/19/2019 12:00 AM UTC,83034953.0386665
4/20/2019 12:00 AM UTC,75500.0
4/21/2019 12:00 AM UTC,7350.0
4/22/2019 12:00 AM UTC,37561099.3975476
4/23/2019 12:00 AM UTC,74863440.0304448
4/24/2019 12:00 AM UTC,43114121.0177231
4/25/2019 12:00 AM UTC,96859554.187633
4/26/2019 12:00 AM UTC,19608781.822529
4/28/2019 12:00 AM UTC,646810.697382418
4/29/2019 12:00 AM UTC,7073836.90103923
4/30/2019 12:00 AM UTC,84486914.6529861
5/1/2019 12:00 AM UTC,69431421.9602943
5/2/2019 12:00 AM UTC,44431938.5159124
5/3/2019 12:00 AM UTC,38235095.108492
5/6/2019 12:00 AM UTC,109927226.681888
5/7/2019 12:00 AM UTC,154914479.122405
5/8/2019 12:00 AM UTC,141688029.331649
5/9/2019 12:00 AM UTC,6484283736.72867
5/10/2019 12:00 AM UTC,161189137.07948
5/11/2019 12:00 AM UTC,14197611.0486667
5/12/2019 12:00 AM UTC,719240.0
5/13/2019 12:00 AM UTC,61783743.4539864
5/14/2019 12:00 AM UTC,57718488.699416
5/15/2019 12:00 AM UTC,37931340.502611
5/16/2019 12:00 AM UTC,129452008.326302
5/17/2019 12:00 AM UTC,50367991.6241313
5/18/2019 12:00 AM UTC,88260.0
5/19/2019 12:00 AM UTC,
5/20/2019 12:00 AM UTC,50760450.3658953
5/21/2019 12:00 AM UTC,16294220.4401813
5/22/2019 12:00 AM UTC,35636194.948127
5/23/2019 12:00 AM UTC,113862545.986447
5/24/2019 12:00 AM UTC,129265026.303819
5/25/2019 12:00 AM UTC,
5/27/2019 12:00 AM UTC,
5/28/2019 12:00 AM UTC,111669087.516174
5/29/2019 12:00 AM UTC,28329587.569022
5/30/2019 12:00 AM UTC,216360943.212154
5/31/2019 12:00 AM UTC,144251196.180311
6/1/2019 12:00 AM UTC,2309730.0
6/2/2019 12:00 AM UTC,
6/3/2019 12:00 AM UTC,274339500.375816
6/4/2019 12:00 AM UTC,321662313.530518
6/5/2019 12:00 AM UTC,256891004.8362
6/6/2019 12:00 AM UTC,124439730.47853
6/7/2019 12:00 AM UTC,57495548.7153515
6/9/2019 12:00 AM UTC,
6/10/2019 12:00 AM UTC,141115617.833516
6/11/2019 12:00 AM UTC,223944355.141308
6/12/2019 12:00 AM UTC,137210303.153637
6/13/2019 12:00 AM UTC,156361120.411097
6/14/2019 12:00 AM UTC,71637621.0816038
6/15/2019 12:00 AM UTC,22203190.32388
6/16/2019 12:00 AM UTC,
6/17/2019 12:00 AM UTC,48933417.1457323
6/18/2019 12:00 AM UTC,63914983.6857363
6/19/2019 12:00 AM UTC,855662588.302624
6/20/2019 12:00 AM UTC,230354180.757135
6/21/2019 12:00 AM UTC,194105663.73926
6/24/2019 12:00 AM UTC,87892739.04907
6/25/2019 12:00 AM UTC,62453350.0528088
6/26/2019 12:00 AM UTC,136277712.258515
6/27/2019 12:00 AM UTC,62412318.8293651
6/28/2019 12:00 AM UTC,52051167.0888857
6/29/2019 12:00 AM UTC,5405828.09517196
6/30/2019 12:00 AM UTC,
7/1/2019 12:00 AM UTC,4297795559.90833
7/2/2019 12:00 AM UTC,49119027.6300554
7/3/2019 12:00 AM UTC,122378569.185653
7/4/2019 12:00 AM UTC,537300.0
7/5/2019 12:00 AM UTC,6191330.9095
7/7/2019 12:00 AM UTC,
7/8/2019 12:00 AM UTC,21438129.1013477
7/9/2019 12:00 AM UTC,135839445.181903
7/10/2019 12:00 AM UTC,283076012.138427
7/11/2019 12:00 AM UTC,97416357.730909
7/12/2019 12:00 AM UTC,32084144.1634692
7/13/2019 12:00 AM UTC,393000.0
7/14/2019 12:00 AM UTC,5331641.34502001
7/15/2019 12:00 AM UTC,35556011.0104689
7/16/2019 12:00 AM UTC,88330615.3114361
7/17/2019 12:00 AM UTC,32327174.2063415
7/18/2019 12:00 AM UTC,79349527.0912446
7/19/2019 12:00 AM UTC,60669678.8415742
7/20/2019 12:00 AM UTC,
7/21/2019 12:00 AM UTC,1227620.0
7/22/2019 12:00 AM UTC,35887176.1493475
7/23/2019 12:00 AM UTC,112358471.693176
7/24/2019 12:00 AM UTC,248171767.223866
7/25/2019 12:00 AM UTC,61179647.3219819
7/26/2019 12:00 AM UTC,142779961.053115
7/27/2019 12:00 AM UTC,618095.0
7/28/2019 12:00 AM UTC,270990.0
7/29/2019 12:00 AM UTC,30098862.5055962
7/30/2019 12:00 AM UTC,63803707.7599218
7/31/2019 12:00 AM UTC,90681214.9061534
8/1/2019 12:00 AM UTC,20033286.3554368
8/2/2019 12:00 AM UTC,220638514.470764
8/3/2019 12:00 AM UTC,4729488.01185999
8/4/2019 12:00 AM UTC,931270.0
8/5/2019 12:00 AM UTC,8081031.8750308
8/6/2019 12:00 AM UTC,35223454.8806197
8/7/2019 12:00 AM UTC,89698197.1431502
8/8/2019 12:00 AM UTC,772046317.657166
8/9/2019 12:00 AM UTC,21326912.0050191
8/10/2019 12:00 AM UTC,1725246.048
8/11/2019 12:00 AM UTC,3986137.3419
8/12/2019 12:00 AM UTC,45082553.3649914
8/13/2019 12:00 AM UTC,87810131.6658833
8/14/2019 12:00 AM UTC,83954249.7836035
8/15/2019 12:00 AM UTC,2288995689.5998
8/16/2019 12:00 AM UTC,44608171.3939014
8/17/2019 12:00 AM UTC,16057030.8638571
8/18/2019 12:00 AM UTC,46500.0
8/19/2019 12:00 AM UTC,88623725.3803061
8/20/2019 12:00 AM UTC,14170995.1138
8/21/2019 12:00 AM UTC,244641362.854226
8/22/2019 12:00 AM UTC,104632755.667977
8/23/2019 12:00 AM UTC,36264800.8858
8/24/2019 12:00 AM UTC,20478027.549
8/25/2019 12:00 AM UTC,21469575.8088
8/26/2019 12:00 AM UTC,62366854.5916734
8/27/2019 12:00 AM UTC,79757550.9684985
8/28/2019 12:00 AM UTC,64680288.6315129
8/29/2019 12:00 AM UTC,82803511.7827036
8/30/2019 12:00 AM UTC,51652642.4244
8/31/2019 12:00 AM UTC,15117191.0356
9/1/2019 12:00 AM UTC,14372103.0624
9/2/2019 12:00 AM UTC,22121932.0936
9/3/2019 12:00 AM UTC,39414320.6329892
9/4/2019 12:00 AM UTC,52800695.3583572
9/5/2019 12:00 AM UTC,118167207.067795
9/6/2019 12:00 AM UTC,101391212.509313
9/7/2019 12:00 AM UTC,11626343.5468
9/8/2019 12:00 AM UTC,21274157.0936
9/9/2019 12:00 AM UTC,74087256.4141515
9/10/2019 12:00 AM UTC,162805229.880682
9/11/2019 12:00 AM UTC,221159510.279767
9/12/2019 12:00 AM UTC,151430367.101963
9/13/2019 12:00 AM UTC,132928441.222637
9/14/2019 12:00 AM UTC,12823415.052
9/15/2019 12:00 AM UTC,10527833.5468
9/16/2019 12:00 AM UTC,65044664.6139632
9/17/2019 12:00 AM UTC,115984805.915978
9/18/2019 12:00 AM UTC,95711470.1391454
9/19/2019 12:00 AM UTC,194929835.200762
9/20/2019 12:00 AM UTC,51732083.2689388
9/21/2019 12:00 AM UTC,15198939.057
9/22/2019 12:00 AM UTC,10669313.5468
9/23/2019 12:00 AM UTC,181291582.40918
9/24/2019 12:00 AM UTC,163794516.007579
9/25/2019 12:00 AM UTC,84711324.4160168
9/26/2019 12:00 AM UTC,138115157.404979
9/27/2019 12:00 AM UTC,171610681.218778
9/28/2019 12:00 AM UTC,28083980.81815
9/29/2019 12:00 AM UTC,11641954.5126
9/30/2019 12:00 AM UTC,91892680.5378422
10/1/2019 12:00 AM UTC,61806184.7129329
10/2/2019 12:00 AM UTC,85199556.3093898
10/3/2019 12:00 AM UTC,37924604.2588684
10/4/2019 12:00 AM UTC,60764857.99914
10/5/2019 12:00 AM UTC,15222960.5572
10/6/2019 12:00 AM UTC,10747444.6416
10/7/2019 12:00 AM UTC,45957591.0412
10/8/2019 12:00 AM UTC,169487878.926417
10/9/2019 12:00 AM UTC,31168526.6561143
10/10/2019 12:00 AM UTC,48573031.3015599
10/11/2019 12:00 AM UTC,146615186.440628
10/12/2019 12:00 AM UTC,15368768.0174
10/13/2019 12:00 AM UTC,7899506.0312
10/14/2019 12:00 AM UTC,124016255.49578
10/15/2019 12:00 AM UTC,95237669.7005431
10/16/2019 12:00 AM UTC,153817544.223578
10/17/2019 12:00 AM UTC,76314285.4734143
10/18/2019 12:00 AM UTC,89756333.0150936
10/19/2019 12:00 AM UTC,13291022.052
10/20/2019 12:00 AM UTC,10949390.3285
10/21/2019 12:00 AM UTC,66504063.5166828
10/22/2019 12:00 AM UTC,78824361.7413109
10/23/2019 12:00 AM UTC,191160291.763488
10/24/2019 12:00 AM UTC,101188884.708111
10/25/2019 12:00 AM UTC,59354737.3004086
10/26/2019 12:00 AM UTC,19485115.578
10/27/2019 12:00 AM UTC,24888083.104
10/28/2019 12:00 AM UTC,47350821.4073769
10/29/2019 12:00 AM UTC,47742803.4782675
10/30/2019 12:00 AM UTC,61601418.016407
10/31/2019 12:00 AM UTC,244199544.053233
11/1/2019 12:00 AM UTC,41540364.1726014
11/2/2019 12:00 AM UTC,116398834.96904
11/3/2019 12:00 AM UTC,13758628.0624
11/4/2019 12:00 AM UTC,89198214.3431778
11/5/2019 12:00 AM UTC,97340061.2898699
11/6/2019 12:00 AM UTC,148497194.752657
11/7/2019 12:00 AM UTC,36076727.3091641
11/8/2019 12:00 AM UTC,104871835.310216
11/9/2019 12:00 AM UTC,25627291.5988
11/10/2019 12:00 AM UTC,25831789.5432
11/11/2019 12:00 AM UTC,76719464.1336769
11/12/2019 12:00 AM UTC,36480971.1280844
11/13/2019 12:00 AM UTC,170253684.852292
11/14/2019 12:00 AM UTC,141837294.640143
11/15/2019 12:00 AM UTC,96050576.1790958
11/16/2019 12:00 AM UTC,18520692.578
11/17/2019 12:00 AM UTC,7259449.0312
11/18/2019 12:00 AM UTC,84924006.4245089
11/19/2019 12:00 AM UTC,89518593.2703083
11/20/2019 12:00 AM UTC,66835060.0655242
11/21/2019 12:00 AM UTC,374783045.10432
11/22/2019 12:00 AM UTC,122891037.264077
11/23/2019 12:00 AM UTC,45092849.1708
11/24/2019 12:00 AM UTC,7677330.5364
11/25/2019 12:00 AM UTC,51415553.8676027
11/26/2019 12:00 AM UTC,67568209.2714137
11/27/2019 12:00 AM UTC,46207834.4328824
11/28/2019 12:00 AM UTC,11070595.1302844
11/29/2019 12:00 AM UTC,16106113.5624
11/30/2019 12:00 AM UTC,10542833.5468
12/1/2019 12:00 AM UTC,22070893.5988
12/2/2019 12:00 AM UTC,87950693.9874258
12/3/2019 12:00 AM UTC,66636923.5931
12/4/2019 12:00 AM UTC,154814553.236189
12/5/2019 12:00 AM UTC,72565657.4132838
12/6/2019 12:00 AM UTC,249836724.039832
12/7/2019 12:00 AM UTC,15582731.0728
12/8/2019 12:00 AM UTC,16326645.1676
12/9/2019 12:00 AM UTC,130515892.076268
12/10/2019 12:00 AM UTC,72428650.0594074
12/11/2019 12:00 AM UTC,82074881.1888441
12/12/2019 12:00 AM UTC,125884814.368934
12/13/2019 12:00 AM UTC,75149478.4097043
12/14/2019 12:00 AM UTC,21485696.1971414
12/15/2019 12:00 AM UTC,17176161.0728
12/16/2019 12:00 AM UTC,81203456.6442288
12/17/2019 12:00 AM UTC,65294593.4581911
12/18/2019 12:00 AM UTC,57861303.66319
12/19/2019 12:00 AM UTC,76566488.8656645
12/20/2019 12:00 AM UTC,51180573.712696
12/21/2019 12:00 AM UTC,26536726.5988
12/22/2019 12:00 AM UTC,9461072.0416
12/23/2019 12:00 AM UTC,27315774.4197
12/24/2019 12:00 AM UTC,78400332.0796736
12/25/2019 12:00 AM UTC,3297284.5156
12/26/2019 12:00 AM UTC,20546807.5884
12/27/2019 12:00 AM UTC,40264169.5102
12/28/2019 12:00 AM UTC,12411461.5572
12/29/2019 12:00 AM UTC,17072411.0728
12/30/2019 12:00 AM UTC,35471857.68566
12/31/2019 12:00 AM UTC,34368416.3527402
1/1/2020 12:00 AM UTC,10786690.5364
1/2/2020 12:00 AM UTC,32150365.87168
1/3/2020 12:00 AM UTC,49691384.7714301
1/4/2020 12:00 AM UTC,14728661.5304
1/5/2020 12:00 AM UTC,12543358.5468
1/6/2020 12:00 AM UTC,98716479.9820262
1/7/2020 12:00 AM UTC,125553064.377004
1/8/2020 12:00 AM UTC,37510262.9804
1/9/2020 12:00 AM UTC,42594968.5222513
1/10/2020 12:00 AM UTC,74069081.2825151
1/11/2020 12:00 AM UTC,45606629.2997053
1/12/2020 12:00 AM UTC,18241164.0832
1/13/2020 12:00 AM UTC,94907240.0048576
1/14/2020 12:00 AM UTC,178076530.900797
1/15/2020 12:00 AM UTC,33658732.17884
1/16/2020 12:00 AM UTC,170318030.113392
1/17/2020 12:00 AM UTC,113861426.341723
1/18/2020 12:00 AM UTC,14659214.61674
1/19/2020 12:00 AM UTC,28925334.2902
1/20/2020 12:00 AM UTC,29750364.5156
1/21/2020 12:00 AM UTC,91147602.2699002
1/22/2020 12:00 AM UTC,52332157.3946531
1/23/2020 12:00 AM UTC,62271285.21904
1/24/2020 12:00 AM UTC,108681404.354822
1/25/2020 12:00 AM UTC,17150650.015
1/26/2020 12:00 AM UTC,22542189.1578
1/27/2020 12:00 AM UTC,107234931.546195
1/28/2020 12:00 AM UTC,61749648.8618
1/29/2020 12:00 AM UTC,107344200.980692
1/30/2020 12:00 AM UTC,42680708.6599
